timestamp,pid,name,cpu_percent,memory_percent,memory_rss,num_threads,priority,score,category
2026-06-18 16:36:18,0,System Idle Process,0.0,4.881154861715662e-05,8192,60,,0,unknown
2026-06-18 16:36:18,4,System,0.0,0.0003660866146286747,61440,517,,0,unknown
2026-06-18 16:36:18,320,Registry,0.0,0.3984486713618496,66871296,4,,0,unknown
2026-06-18 16:36:18,496,agent-tool-host.exe,0.0,0.12354202955002341,20733952,30,,0,unknown
2026-06-18 16:36:18,544,msedge.exe,0.0,0.4339346672065224,72826880,33,,0,unknown
2026-06-18 16:36:18,1032,smss.exe,0.0,0.009274194237259758,1556480,2,,0,unknown
2026-06-18 16:36:18,1100,WUDFHost.exe,0.0,0.060916812674211465,10223616,6,,0,unknown
2026-06-18 16:36:18,1372,svchost.exe,0.0,0.07919673763133663,13291520,6,,0,unknown
2026-06-18 16:36:18,1388,svchost.exe,0.0,0.12429860855358935,20860928,12,,0,unknown
2026-06-18 16:36:18,1604,csrss.exe,0.0,0.04712755018986472,7909376,14,,0,unknown
2026-06-18 16:36:18,1612,svchost.exe,0.0,0.19634445431251252,32952320,12,,0,unknown
2026-06-18 16:36:18,1712,wininit.exe,0.0,0.06296689771613205,10567680,1,,0,unknown
2026-06-18 16:36:18,1720,csrss.exe,0.0,0.051813458857111756,8695808,14,,0,unknown
2026-06-18 16:36:18,1808,winlogon.exe,0.0,0.10860569567317348,18227200,4,,0,unknown
2026-06-18 16:36:18,1828,services.exe,0.0,0.08007534550644543,13438976,9,,0,unknown
2026-06-18 16:36:18,1860,lsass.exe,0.0,0.2194323168084276,36827136,11,,0,unknown
2026-06-18 16:36:18,1980,Trae CN.exe,0.0,3.295487299113021,553078784,39,,0,unknown
2026-06-18 16:36:18,2012,svchost.exe,0.0,0.28047115835418196,47071232,25,,0,unknown
2026-06-18 16:36:18,2020,fontdrvhost.exe,0.0,0.035437184296055704,5947392,5,,0,unknown
2026-06-18 16:36:18,2028,fontdrvhost.exe,0.0,0.1012839633806,16998400,5,,0,unknown
2026-06-18 16:36:18,2156,WUDFHost.exe,0.0,0.13979627523953658,23461888,23,,0,unknown
2026-06-18 16:36:18,2244,dwm.exe,0.0,0.7024958076981181,117899264,77,,0,unknown
2026-06-18 16:36:18,2292,svchost.exe,0.0,0.17855264484155894,29966336,12,,0,unknown
2026-06-18 16:36:18,2320,svchost.exe,0.0,0.0721434688561575,12107776,4,,0,unknown
2026-06-18 16:36:18,2344,svchost.exe,0.0,0.06286927461889773,10551296,5,,0,unknown
2026-06-18 16:36:18,2364,svchost.exe,0.0,0.11958829411203374,20070400,10,,0,unknown
2026-06-18 16:36:18,2372,svchost.exe,0.0,0.12803269202280182,21487616,7,,0,unknown
2026-06-18 16:36:18,2512,svchost.exe,0.0,0.23656517037304955,39702528,5,,0,unknown
2026-06-18 16:36:18,2568,svchost.exe,0.0,0.07331494602296924,12304384,11,,0,unknown
2026-06-18 16:36:18,2636,svchost.exe,0.0,0.10643358175971003,17862656,8,,0,unknown
2026-06-18 16:36:18,2644,svchost.exe,0.0,0.0625764053271948,10502144,4,,0,unknown
2026-06-18 16:36:18,2664,powershell.exe,0.0,0.4738381082010479,79523840,9,,0,unknown
2026-06-18 16:36:18,2712,SearchProtocolHost.exe,0.0,0.07433998854392954,12476416,5,,0,unknown
2026-06-18 16:36:18,2716,powershell.exe,0.0,0.4773525397014832,80113664,9,,0,unknown
2026-06-18 16:36:18,2732,svchost.exe,0.0,0.09227823266073461,15486976,6,,0,unknown
2026-06-18 16:36:18,2740,svchost.exe,0.0,0.06811651609524208,11431936,7,,0,unknown
2026-06-18 16:36:18,2748,svchost.exe,0.0,0.09054542268482554,15196160,5,,0,unknown
2026-06-18 16:36:18,2756,svchost.exe,0.0,0.050519952818757104,8478720,3,,0,unknown
2026-06-18 16:36:18,2764,svchost.exe,0.0,0.09864813975527353,16556032,5,,0,unknown
2026-06-18 16:36:18,2860,svchost.exe,0.0,0.07075233972056853,11874304,8,,0,unknown
2026-06-18 16:36:18,2892,svchost.exe,0.0,0.06396753446278376,10735616,5,,0,unknown
2026-06-18 16:36:18,2996,IntelCpHDCPSvc.exe,0.0,0.04908001213455098,8237056,3,,0,unknown
2026-06-18 16:36:18,3008,svchost.exe,0.0,0.14689835556333286,24653824,8,,0,unknown
2026-06-18 16:36:18,3016,svchost.exe,0.0,0.07490132135302684,12570624,9,,0,unknown
2026-06-18 16:36:18,3084,svchost.exe,0.0,0.13603778599601551,22831104,10,,0,unknown
2026-06-18 16:36:18,3252,svchost.exe,0.0,0.14265175083364023,23941120,8,,0,unknown
2026-06-18 16:36:18,3340,wlanext.exe,0.0,0.0982332415920277,16486400,7,,0,unknown
2026-06-18 16:36:18,3408,AsusCertService.exe,0.0,0.054278442062278165,9109504,4,,0,unknown
2026-06-18 16:36:18,3416,svchost.exe,0.0,0.08986206100418534,15081472,6,,0,unknown
2026-06-18 16:36:18,3492,Trae CN.exe,0.0,1.2314665600622445,206675968,28,,0,unknown
2026-06-18 16:36:18,3676,svchost.exe,0.0,0.07272920743956336,12206080,4,,0,unknown
2026-06-18 16:36:18,3716,svchost.exe,0.0,0.10279712138773185,17252352,11,,0,unknown
2026-06-18 16:36:18,3800,svchost.exe,0.0,0.06877547200157369,11542528,5,,0,unknown
2026-06-18 16:36:18,3828,HipsDaemon.exe,0.0,0.015546478234564384,2609152,115,,0,unknown
2026-06-18 16:36:18,3900,svchost.exe,0.0,0.06626167724779011,11120640,5,,0,unknown
2026-06-18 16:36:18,3924,svchost.exe,0.0,0.047664477224653445,7999488,5,,0,unknown
2026-06-18 16:36:18,3944,svchost.exe,0.0,0.12500637600853812,20979712,6,,0,unknown
2026-06-18 16:36:18,3976,conhost.exe,0.0,0.06045310296234848,10145792,5,,0,unknown
2026-06-18 16:36:18,4044,NVDisplay.Container.exe,0.0,0.27834785598933565,46714880,42,,0,unknown
2026-06-18 16:36:18,4124,MemCompression,0.0,2.036271373661923,341745664,76,,0,unknown
2026-06-18 16:36:18,4164,svchost.exe,0.0,0.07556027725935846,12681216,3,,0,unknown
2026-06-18 16:36:18,4196,svchost.exe,0.0,0.06911715284189378,11599872,8,,0,unknown
2026-06-18 16:36:18,4204,svchost.exe,0.0,0.0734857864431293,12333056,6,,0,unknown
2026-06-18 16:36:18,4280,svchost.exe,0.0,0.1590036196203877,26685440,12,,0,unknown
2026-06-18 16:36:18,4336,svchost.exe,0.0,0.07314410560280919,12275712,8,,0,unknown
2026-06-18 16:36:18,4432,svchost.exe,0.0,0.08441957333337238,14168064,5,,0,unknown
2026-06-18 16:36:18,4488,svchost.exe,0.0,0.15629457867213553,26230784,14,,0,unknown
2026-06-18 16:36:18,4544,svchost.exe,0.0,0.13613540909324984,22847488,6,,0,unknown
2026-06-18 16:36:18,4564,svchost.exe,0.0,0.1816033666301312,30478336,12,,0,unknown
2026-06-18 16:36:18,4584,AsusOptimization.exe,0.0,0.06889750087311658,11563008,10,,0,unknown
2026-06-18 16:36:18,4720,spoolsv.exe,0.0,0.12676359175875576,21274624,8,,0,unknown
2026-06-18 16:36:18,5028,svchost.exe,0.0,0.155513593894261,26099712,15,,0,unknown
2026-06-18 16:36:18,5072,svchost.exe,0.0,0.0679700814493906,11407360,4,,0,unknown
2026-06-18 16:36:18,5236,nvcontainer.exe,0.0,0.2820087221356224,47329280,24,,0,unknown
2026-06-18 16:36:18,5364,svchost.exe,0.0,0.15995544481842225,26845184,20,,0,unknown
2026-06-18 16:36:18,5372,svchost.exe,0.0,0.48335636018139344,81121280,16,,0,unknown
2026-06-18 16:36:18,5380,svchost.exe,0.0,0.06045310296234848,10145792,2,,0,unknown
2026-06-18 16:36:18,5404,RtkAudUService64.exe,0.0,0.10660442217987007,17891328,20,,0,unknown
2026-06-18 16:36:18,5412,nvcontainer.exe,0.0,0.26397285492158307,44302336,35,,0,unknown
2026-06-18 16:36:18,5420,svchost.exe,0.0,0.04854308509976227,8146944,3,,0,unknown
2026-06-18 16:36:18,5444,MpDefenderCoreService.exe,0.0,0.18851020075945887,31637504,11,,0,unknown
2026-06-18 16:36:18,5452,svchost.exe,0.0,0.08380942897565792,14065664,5,,0,unknown
2026-06-18 16:36:18,5468,svchost.exe,0.0,0.17699067528580992,29704192,8,,0,unknown
2026-06-18 16:36:18,5480,MsMpEng.exe,0.0,1.5400287646456001,258461696,14,,0,unknown
2026-06-18 16:36:18,5488,svchost.exe,0.0,0.14580009571944683,24469504,13,,0,unknown
2026-06-18 16:36:18,5496,svchost.exe,0.0,0.10101549986320563,16953344,6,,0,unknown
2026-06-18 16:36:18,5608,svchost.exe,0.0,0.08097835915586284,13590528,7,,0,unknown
2026-06-18 16:36:18,5652,ArmouryCrate.Service.exe,0.0,0.4711046614784871,79065088,106,,0,unknown
2026-06-18 16:36:18,5660,ArmouryCrateControlInterface.exe,0.0,0.08520055811124688,14299136,4,,0,unknown
2026-06-18 16:36:18,5688,AsusSystemDiagnosis.exe,0.0,0.08615238330928145,14458880,2,,0,unknown
2026-06-18 16:36:18,5712,AsusAppService.exe,0.0,0.1877048102072758,31502336,3,,0,unknown
2026-06-18 16:36:18,5740,AsusPTPService.exe,0.0,0.0675063717375276,11329536,4,,0,unknown
2026-06-18 16:36:18,5760,AsusSoftwareManager.exe,0.0,0.11675722429223864,19595264,10,,0,unknown
2026-06-18 16:36:18,5784,DSAService.exe,0.0,0.7472804035543593,125415424,16,,0,unknown
2026-06-18 16:36:18,5800,DAX3API.exe,0.0,0.1446042127783265,24268800,11,,0,unknown
2026-06-18 16:36:18,5904,ROGLiveService.exe,0.0,0.17774725428937585,29831168,33,,0,unknown
2026-06-18 16:36:18,5916,DSAUpdateService.exe,0.0,0.26804861923111556,44986368,10,,0,unknown
2026-06-18 16:36:18,5924,SurSvc.exe,0.0,0.2884030350044699,48402432,8,,0,unknown
2026-06-18 16:36:18,5932,ipf_uf.exe,0.0,0.05657258484728452,9494528,4,,0,unknown
2026-06-18 16:36:18,5940,IntelGraphicsSoftware.Service.exe,0.0,0.2596530328689647,43577344,16,,0,unknown
2026-06-18 16:36:18,5980,AsusSwitch.exe,0.0,0.06709147357428177,11259904,7,,0,unknown
2026-06-18 16:36:18,5992,IntelAudioService.exe,0.0,0.19719865641331275,33095680,8,,0,unknown
2026-06-18 16:36:18,6000,ipfsvc.exe,0.0,0.058720292986439424,9854976,9,,0,unknown
2026-06-18 16:36:18,6040,GameViewerService.exe,0.0,0.07778120272143908,13053952,3,,0,unknown
2026-06-18 16:36:18,6056,AsusSystemAnalysis.exe,0.0,0.12124788676501706,20348928,8,,0,unknown
2026-06-18 16:36:18,6096,FeverGamesService.exe,0.0,0.07577992922813566,12718080,3,,0,unknown
2026-06-18 16:36:18,6108,WMIRegistrationService.exe,0.0,0.0950848967062211,15958016,2,,0,unknown
2026-06-18 16:36:18,6220,svchost.exe,0.0,0.11553693557680973,19390464,4,,0,unknown
2026-06-18 16:36:18,6300,esrv_svc.exe,0.0,0.4799151460038839,80674816,74,,0,unknown
2026-06-18 16:36:18,6424,svchost.exe,0.0,0.13606219177032408,22835200,5,,0,unknown
2026-06-18 16:36:18,6940,svchost.exe,0.0,0.10057619592565123,16879616,7,,0,unknown
2026-06-18 16:36:18,6984,jhi_service.exe,0.0,0.05811014862872496,9752576,2,,0,unknown
2026-06-18 16:36:18,7044,phpStudyServer.exe,0.0,0.08149088041634299,13676544,3,,0,unknown
2026-06-18 16:36:18,7100,crashpad_handler.exe,0.0,0.0489579832630081,8216576,6,,0,unknown
2026-06-18 16:36:18,7488,WmiPrvSE.exe,0.0,0.1273737361164702,21377024,6,,0,unknown
2026-06-18 16:36:18,7496,NVDisplay.Container.exe,0.0,0.7022761557293409,117862400,29,,0,unknown
2026-06-18 16:36:18,7784,GameViewerServer.exe,0.0,0.40481857845638847,67940352,90,,0,unknown
2026-06-18 16:36:18,8080,msedgewebview2.exe,0.0,0.4515068247086988,75776000,59,,0,unknown
2026-06-18 16:36:18,8108,GameViewerHealthd.exe,0.0,0.12464028939390943,20918272,7,,0,unknown
2026-06-18 16:36:18,8244,crashpad_handler.exe,0.0,0.06067275493112568,10182656,7,,0,unknown
2026-06-18 16:36:18,8416,mysqld.exe,0.0,0.07624363893999865,12795904,1,,0,unknown
2026-06-18 16:36:18,8488,svchost.exe,0.0,0.07936757805149668,13320192,5,,0,unknown
2026-06-18 16:36:18,8532,conhost.exe,0.0,0.04234401842538337,7106560,2,,0,unknown
2026-06-18 16:36:18,8576,svchost.exe,0.0,0.2755900034924663,46252032,28,,0,unknown
2026-06-18 16:36:18,8612,svchost.exe,0.0,0.07407152502653518,12431360,9,,0,unknown
2026-06-18 16:36:18,8696,mysqld.exe,0.0,0.1851177981305665,31068160,38,,0,unknown
2026-06-18 16:36:18,8888,svchost.exe,0.0,0.058720292986439424,9854976,2,,0,unknown
2026-06-18 16:36:18,9304,svchost.exe,0.0,0.09064304578205985,15212544,4,,0,unknown
2026-06-18 16:36:18,9376,conhost.exe,0.0,0.06057513183389137,10166272,8,,0,unknown
2026-06-18 16:36:18,9408,msedgewebview2.exe,0.0,0.6617869761514095,111067136,35,,0,unknown
2026-06-18 16:36:18,9448,svchost.exe,0.0,0.16632535191296122,27914240,6,,0,unknown
2026-06-18 16:36:18,9612,svchost.exe,0.0,0.06460208459480679,10842112,3,,0,unknown
2026-06-18 16:36:18,9688,Trae CN.exe,0.0,0.8088561721349025,135749632,26,,0,unknown
2026-06-18 16:36:18,9696,conhost.exe,0.0,0.05325339954131788,8937472,2,,0,unknown
2026-06-18 16:36:18,9908,WUDFHost.exe,0.0,0.09169249407732873,15388672,11,,0,unknown
2026-06-18 16:36:18,9924,crashpad_handler.exe,0.0,0.060648349156817105,10178560,7,,0,unknown
2026-06-18 16:36:18,10008,Trae CN.exe,0.0,0.9563890778302584,160509952,9,,0,unknown
2026-06-18 16:36:18,10048,PresentMonService.exe,0.0,0.0935229271504721,15695872,11,,0,unknown
2026-06-18 16:36:18,10056,WUDFHost.exe,0.0,0.08168612661081161,13709312,7,,0,unknown
2026-06-18 16:36:18,10084,svchost.exe,0.0,0.10182089041538872,17088512,9,,0,unknown
2026-06-18 16:36:18,10092,svchost.exe,0.0,0.04685908667247036,7864320,5,,0,unknown
2026-06-18 16:36:18,10124,conhost.exe,0.0,0.042392829974000526,7114752,2,,0,unknown
2026-06-18 16:36:18,10324,AggregatorHost.exe,0.0,0.07507216177318689,12599296,3,,0,unknown
2026-06-18 16:36:18,10384,Intel_PIE_Service.exe,0.0,0.08102717070448,13598720,5,,0,unknown
2026-06-18 16:36:18,10532,AsusOptimizationStartupTask.exe,0.0,0.05876910453505657,9863168,9,,0,unknown
2026-06-18 16:36:18,10544,msedgewebview2.exe,0.0,0.2866702250285609,48111616,23,,0,unknown
2026-06-18 16:36:18,10552,svchost.exe,0.0,0.11312076392026049,18984960,6,,0,unknown
2026-06-18 16:36:18,10636,msedgewebview2.exe,0.0,0.443623759607028,74452992,54,,0,unknown
2026-06-18 16:36:18,10808,RuntimeBroker.exe,0.0,0.17728354457751286,29753344,12,,0,unknown
2026-06-18 16:36:18,10896,msedgewebview2.exe,0.0,0.14179754873284,23797760,11,,0,unknown
2026-06-18 16:36:18,10944,SecurityHealthService.exe,0.0,0.1685706831493504,28291072,12,,0,unknown
2026-06-18 16:36:18,10984,AsusSoftwareManagerAgent.exe,0.0,0.334700788867843,56172544,9,,0,unknown
2026-06-18 16:36:18,11132,svchost.exe,0.0,0.3942020666321569,66158592,32,,0,unknown
2026-06-18 16:36:18,11208,svchost.exe,0.0,0.21462437926963768,36020224,12,,0,unknown
2026-06-18 16:36:18,11224,unsecapp.exe,0.0,0.061917449420863184,10391552,2,,0,unknown
2026-06-18 16:36:18,11340,python3.13.exe,0.0,0.20081071101098236,33701888,3,,0,unknown
2026-06-18 16:36:18,11356,SearchIndexer.exe,0.0,0.2769323210794381,46477312,11,,0,unknown
2026-06-18 16:36:18,11400,svchost.exe,0.0,0.09837967623787917,16510976,5,,0,unknown
2026-06-18 16:36:18,11428,RuntimeBroker.exe,0.0,0.2116712805782997,35524608,5,,0,unknown
2026-06-18 16:36:18,11620,Trae CN.exe,0.0,1.2624374876598303,211873792,12,,0,unknown
2026-06-18 16:36:18,11964,SearchProtocolHost.exe,0.0,0.1443845608095493,24231936,6,,0,unknown
2026-06-18 16:36:18,12352,DAX3API.exe,0.0,0.09986842847070246,16760832,7,,0,unknown
2026-06-18 16:36:18,12372,sihost.exe,0.0,0.3471965453138351,58269696,17,,0,unknown
2026-06-18 16:36:18,12380,ArmouryCrate.UserSessionHelper.exe,0.0,0.5472018657726343,91836416,115,,0,unknown
2026-06-18 16:36:18,12432,conhost.exe,0.0,0.05005624310689411,8400896,4,,0,unknown
2026-06-18 16:36:18,12520,svchost.exe,0.0,0.07463285783563249,12525568,5,,0,unknown
2026-06-18 16:36:18,12560,nvcontainer.exe,0.0,0.22826720710813295,38309888,18,,0,unknown
2026-06-18 16:36:18,12612,svchost.exe,0.0,0.11539050093095826,19365888,6,,0,unknown
2026-06-18 16:36:18,12624,svchost.exe,0.0,0.2738327877422487,45957120,13,,0,unknown
2026-06-18 16:36:18,12732,Weixin.exe,0.0,1.6150521148701698,271052800,111,,0,unknown
2026-06-18 16:36:18,12768,svchost.exe,0.0,0.050275895075671324,8437760,4,,0,unknown
2026-06-18 16:36:18,12848,nvcontainer.exe,0.0,0.522454410623736,87683072,65,,0,unknown
2026-06-18 16:36:18,12936,svchost.exe,0.0,0.05325339954131788,8937472,8,,0,unknown
2026-06-18 16:36:18,13064,Trae CN.exe,0.0,1.1008956675113506,184762368,10,,0,unknown
2026-06-18 16:36:18,13112,conhost.exe,0.0,0.059257220021228144,9945088,5,,0,unknown
2026-06-18 16:36:18,13148,ipf_helper.exe,0.0,0.05989177015325118,10051584,6,,0,unknown
2026-06-18 16:36:18,13248,python3.13.exe,0.0,0.20164050733747402,33841152,4,,0,unknown
2026-06-18 16:36:18,13296,DSATray.exe,0.0,0.5911322595280752,99209216,15,,0,unknown
2026-06-18 16:36:18,13328,svchost.exe,0.0,0.3026316014263711,50790400,11,,0,unknown
2026-06-18 16:36:18,13376,svchost.exe,0.0,0.18052951256055377,30298112,10,,0,unknown
2026-06-18 16:36:18,13444,msedgewebview2.exe,0.0,0.5496912547521093,92254208,32,,0,unknown
2026-06-18 16:36:18,13600,msedge.exe,0.0,1.6818751249270574,282267648,62,,0,unknown
2026-06-18 16:36:18,13644,taskhostw.exe,0.0,0.13925934820474783,23371776,11,,0,unknown
2026-06-18 16:36:18,13816,MicrosoftEdgeUpdate.exe,0.0,0.031459043083757444,5279744,6,,0,unknown
2026-06-18 16:36:18,13888,audiodg.exe,0.0,0.29545630377964904,49586176,20,,0,unknown
2026-06-18 16:36:18,13924,powershell.exe,0.0,0.5351210074898881,89808896,13,,0,unknown
2026-06-18 16:36:18,13956,explorer.exe,0.0,2.33433909529259,391770112,176,,0,unknown
2026-06-18 16:36:18,13988,ShellHost.exe,0.0,0.848125062997405,142340096,46,,0,unknown
2026-06-18 16:36:18,14084,ArmourySocketServer.exe,0.0,0.04705433286693898,7897088,18,,0,unknown
2026-06-18 16:36:18,14312,AcPowerNotification.exe,0.0,0.15580646318596394,26148864,20,,0,unknown
2026-06-18 16:36:18,14364,conhost.exe,0.0,0.05903756805245093,9908224,6,,0,unknown
2026-06-18 16:36:18,14612,CrossDeviceResume.exe,0.0,0.441598080339416,74113024,20,,0,unknown
2026-06-18 16:36:18,14792,smartscreen.exe,0.0,0.08917869932354515,14966784,6,,0,unknown
2026-06-18 16:36:18,15104,svchost.exe,0.0,0.060745972254051414,10194944,2,,0,unknown
2026-06-18 16:36:18,15264,Trae CN.exe,0.0,1.5481070759417395,259817472,24,,0,unknown
2026-06-18 16:36:18,15296,RtkAudUService64.exe,0.0,0.13430497602010644,22540288,9,,0,unknown
2026-06-18 16:36:18,15320,svchost.exe,0.0,0.19182938606542552,32194560,11,,0,unknown
2026-06-18 16:36:18,15564,Trae CN.exe,0.0,0.7485250980440968,125624320,12,,0,unknown
2026-06-18 16:36:18,15616,WidgetService.exe,0.0,0.19756474302794141,33157120,8,,0,unknown
2026-06-18 16:36:18,15640,SearchHost.exe,0.0,0.9493358090550791,159326208,25,,0,unknown
2026-06-18 16:36:18,15648,StartMenuExperienceHost.exe,0.0,1.0963805992642635,184004608,32,,0,unknown
2026-06-18 16:36:18,15832,conhost.exe,0.0,0.05957449508723966,9998336,5,,0,unknown
2026-06-18 16:36:18,15836,Widgets.exe,0.0,0.4598047879736154,77168640,18,,0,unknown
2026-06-18 16:36:18,15856,UserOOBEBroker.exe,0.0,0.07751273920404472,13008896,3,,0,unknown
2026-06-18 16:36:18,16004,msedge.exe,0.0,0.08573748514603562,14389248,9,,0,unknown
2026-06-18 16:36:18,16020,conhost.exe,0.0,0.059672118184473974,10014720,7,,0,unknown
2026-06-18 16:36:18,16032,RuntimeBroker.exe,0.0,0.2960420423630549,49684480,15,,0,unknown
2026-06-18 16:36:18,16040,svchost.exe,0.0,0.19029182228398508,31936512,5,,0,unknown
2026-06-18 16:36:18,16408,msedgewebview2.exe,0.0,0.277054349950981,46497792,22,,0,unknown
2026-06-18 16:36:18,16452,msedge.exe,0.0,0.14094334663203975,23654400,10,,0,unknown
2026-06-18 16:36:18,16460,nvsphelper64.exe,0.0,0.11880730933415923,19939328,8,,0,unknown
2026-06-18 16:36:18,16484,NVIDIA Overlay.exe,0.0,1.2769589233734344,214310912,106,,0,unknown
2026-06-18 16:36:18,16672,python3.13.exe,0.0,0.2033245057647659,34123776,6,,0,unknown
2026-06-18 16:36:18,16780,conhost.exe,0.0,0.05935484311846245,9961472,5,,0,unknown
2026-06-18 16:36:18,16880,svchost.exe,0.0,0.1543909282760664,25911296,4,,0,unknown
2026-06-18 16:36:18,17124,ArmouryCrate.exe,0.0,0.1256897376891783,21094400,26,,0,unknown
2026-06-18 16:36:18,17308,powershell.exe,0.0,0.549593631654875,92237824,13,,0,unknown
2026-06-18 16:36:18,17384,Trae CN.exe,0.0,1.9159509063206317,321552384,24,,0,unknown
2026-06-18 16:36:18,17464,powershell.exe,0.0,0.548959081522852,92131328,9,,0,unknown
2026-06-18 16:36:18,17480,NVIDIA Overlay.exe,0.0,0.24164157142923387,40554496,19,,0,unknown
2026-06-18 16:36:18,17536,msedge.exe,0.0,0.8011439474533916,134455296,56,,0,unknown
2026-06-18 16:36:18,17640,msedge.exe,0.0,0.31720184868859236,53235712,21,,0,unknown
2026-06-18 16:36:18,17684,msedgewebview2.exe,0.0,0.08671371611837875,14553088,10,,0,unknown
2026-06-18 16:36:18,17884,msedgewebview2.exe,0.0,0.8390217091803052,140812288,51,,0,unknown
2026-06-18 16:36:18,18028,NVIDIA Overlay.exe,0.0,0.16940047947584205,28430336,11,,0,unknown
2026-06-18 16:36:18,18044,Trae CN.exe,0.0,3.5763489498561403,600215552,10,,0,unknown
2026-06-18 16:36:18,18128,msedgewebview2.exe,0.0,0.08864177228875643,14876672,10,,0,unknown
2026-06-18 16:36:18,18328,msedgewebview2.exe,0.0,0.14479945897279514,24301568,12,,0,unknown
2026-06-18 16:36:18,18360,v1.2.0.exe,0.0,0.5364145135282428,90025984,27,,0,unknown
2026-06-18 16:36:18,18424,NVIDIA Overlay.exe,0.0,0.5008797061349527,84062208,63,,0,unknown
2026-06-18 16:36:18,18608,Trae CN.exe,0.0,0.8051464944399985,135127040,26,,0,unknown
2026-06-18 16:36:18,18960,NVIDIA Overlay.exe,0.0,0.5724374364077043,96071680,29,,0,unknown
2026-06-18 16:36:18,18988,msedgewebview2.exe,0.0,0.09042339381328264,15175680,9,,0,unknown
2026-06-18 16:36:18,19496,Trae CN.exe,0.0,0.7654871111885587,128471040,12,,0,unknown
2026-06-18 16:36:18,19540,Trae CN.exe,0.0,0.8330422944747035,139808768,22,,0,unknown
2026-06-18 16:36:18,19588,ctfmon.exe,0.0,0.31681135629965507,53170176,26,,0,unknown
2026-06-18 16:36:18,19592,Trae CN.exe,0.0,3.543474371862485,594698240,35,,0,unknown
2026-06-18 16:36:18,19596,TabTip.exe,0.0,0.4865779223901258,81661952,24,,0,unknown
2026-06-18 16:36:18,19776,HipsTray.exe,0.0,0.2174554490894328,36495360,14,,0,unknown
2026-06-18 16:36:18,19864,crashpad_handler.exe,0.0,0.06523663472682982,10948608,8,,0,unknown
2026-06-18 16:36:18,20028,RuntimeBroker.exe,0.0,0.09381579644217504,15745024,4,,0,unknown
2026-06-18 16:36:18,20328,asus_framework.exe,0.0,0.18331177083173172,30765056,38,,0,unknown
2026-06-18 16:36:18,20456,Trae CN.exe,0.0,0.7008606208194433,117624832,13,,0,unknown
2026-06-18 16:36:18,20544,TextInputHost.exe,0.0,1.70157058479408,285573120,102,,0,unknown
2026-06-18 16:36:18,20596,wsctrlsvc.exe,0.0,0.08009975128075403,13443072,5,,0,unknown
2026-06-18 16:36:18,20952,asus_framework.exe,0.0,0.09181452294887162,15409152,29,,0,unknown
2026-06-18 16:36:18,20992,asus_framework.exe,0.0,0.0771954641380332,12955648,15,,0,unknown
2026-06-18 16:36:18,21148,Trae CN.exe,0.0,1.3593772232135033,228143104,90,,0,unknown
2026-06-18 16:36:18,21224,SecurityHealthSystray.exe,0.0,0.0908138862022199,15241216,3,,0,unknown
2026-06-18 16:36:18,21236,svchost.exe,0.0,0.0699957607170026,11747328,2,,0,unknown
2026-06-18 16:36:18,21280,ChsIME.exe,0.0,0.0733637575715864,12312576,4,,0,unknown
2026-06-18 16:36:18,21356,Trae CN.exe,0.0,1.2433765779248307,208674816,43,,0,unknown
2026-06-18 16:36:18,21432,msedgewebview2.exe,0.0,0.49145907725184146,82481152,34,,0,unknown
2026-06-18 16:36:18,21508,msedge.exe,0.0,0.44657685829836596,74948608,28,,0,unknown
2026-06-18 16:36:18,21756,360DesktopLite64.exe,0.0,0.8129075306701264,136429568,50,,0,unknown
2026-06-18 16:36:18,21788,msedgewebview2.exe,0.0,0.4388890393911638,73658368,52,,0,unknown
2026-06-18 16:36:18,21856,msedge.exe,0.0,0.9077239638589532,152342528,32,,0,unknown
2026-06-18 16:36:18,22040,IntelGraphicsSoftware.exe,0.0,1.0063965093885354,168902656,51,,0,unknown
2026-06-18 16:36:18,22112,msedgewebview2.exe,0.0,0.9113848300052398,152956928,56,,0,unknown
2026-06-18 16:36:18,22260,GameViewer.exe,0.0,1.015792732497338,170479616,71,,0,unknown
2026-06-18 16:36:18,22396,Trae CN.exe,0.0,0.8502971769108685,142704640,9,,0,unknown
2026-06-18 16:36:18,22456,Trae CN.exe,0.0,0.34573219885532036,58023936,30,,0,unknown
2026-06-18 16:36:18,22572,msedgewebview2.exe,0.0,0.3462691258901091,58114048,28,,0,unknown
2026-06-18 16:36:18,22988,RuntimeBroker.exe,0.0,0.07299767095695774,12251136,7,,0,unknown
2026-06-18 16:36:18,23288,msedgewebview2.exe,0.0,0.231391146219631,38834176,54,,0,unknown
2026-06-18 16:36:18,23296,TranslucentTB.exe,0.0,0.5114230006362585,85831680,22,,0,unknown
2026-06-18 16:36:18,23312,msedgewebview2.exe,0.0,0.13691639387112434,22978560,21,,0,unknown
2026-06-18 16:36:18,23604,WmiPrvSE.exe,0.0,0.1221020888658173,20492288,7,,0,unknown
2026-06-18 16:36:18,23620,Trae CN.exe,0.0,0.1937818480101118,32522240,21,,0,unknown
2026-06-18 16:36:18,23624,Trae CN.exe,0.0,1.3919101203668385,233603072,69,,0,unknown
2026-06-18 16:36:18,23668,Trae CN.exe,0.0,0.37716683616476926,63299584,22,,0,unknown
2026-06-18 16:36:18,23816,svchost.exe,0.0,0.11385293714951783,19107840,4,,0,unknown
2026-06-18 16:36:18,24080,Trae CN.exe,0.0,0.9013052452157971,151265280,24,,0,unknown
2026-06-18 16:36:18,24100,Trae CN.exe,0.0,1.2965567601432229,217600000,58,,0,unknown
2026-06-18 16:36:18,24140,Trae CN.exe,0.0,0.5277016521000804,88563712,52,,0,unknown
2026-06-18 16:36:18,24708,WeChatAppEx.exe,0.0,1.1061185032133862,185638912,46,,0,unknown
2026-06-18 16:36:18,24736,Trae CN.exe,0.0,0.7067668182021193,118616064,12,,0,unknown
2026-06-18 16:36:18,25160,RtkAudUService64.exe,0.0,0.08537139853140693,14327808,15,,0,unknown
2026-06-18 16:36:18,25196,msedgewebview2.exe,0.0,0.04983659113811692,8364032,9,,0,unknown
2026-06-18 16:36:18,25684,SearchFilterHost.exe,0.0,0.0823694882914518,13824000,3,,0,unknown
2026-06-18 16:36:18,25756,ShellExperienceHost.exe,0.0,0.5231377723043761,87797760,30,,0,unknown
2026-06-18 16:36:18,25792,SearchFilterHost.exe,0.0,0.0865428756982187,14524416,4,,0,unknown
2026-06-18 16:36:18,25896,crashpad_handler.exe,0.0,0.05876910453505657,9863168,6,,0,unknown
2026-06-18 16:36:18,25900,msedge.exe,0.0,0.1964664831840554,32972800,12,,0,unknown
2026-06-18 16:36:18,25996,python3.13.exe,0.0,0.20310485379598872,34086912,4,,0,unknown
2026-06-18 16:36:18,26012,esrv.exe,0.0,0.29872667753699855,50135040,60,,0,unknown
2026-06-18 16:36:18,26228,WeChatAppEx.exe,0.0,0.2295851189207962,38531072,23,,0,unknown
2026-06-18 16:36:18,26260,powershell.exe,0.0,0.5330953282222761,89468928,10,,0,unknown
2026-06-18 16:36:18,26380,svchost.exe,0.0,0.11609826838590703,19484672,14,,0,unknown
2026-06-18 16:36:18,26924,svchost.exe,0.0,0.06367466517108081,10686464,5,,0,unknown
2026-06-18 16:36:18,27672,WeChatAppEx.exe,0.0,0.8472220493479876,142188544,55,,0,unknown
2026-06-18 16:36:18,27856,Weixin.exe,0.0,0.09967318227623384,16728064,12,,0,unknown
2026-06-18 16:36:18,28236,Weixin.exe,0.0,0.537268715629043,90169344,11,,0,unknown
2026-06-18 16:36:18,28300,WeChatAppEx.exe,0.0,0.3996689600772784,67076096,10,,0,unknown
2026-06-18 16:36:18,28320,WeChatAppEx.exe,0.0,0.16141979127693695,27090944,16,,0,unknown
2026-06-18 16:36:18,28400,WeChatAppEx.exe,0.0,0.7676592251020222,128835584,27,,0,unknown
2026-06-18 16:36:18,28456,WeChatAppEx.exe,0.0,0.9158998982523269,153714688,50,,0,unknown
2026-06-18 16:36:18,28508,WeChatAppEx.exe,0.0,0.2455464953186064,41209856,10,,0,unknown
2026-06-18 16:36:18,28604,Weixin.exe,0.0,0.17223154929563717,28905472,14,,0,unknown
2026-06-18 16:36:18,28652,conhost.exe,0.0,0.05950127776431392,9986048,5,,0,unknown
2026-06-18 16:36:18,28664,Weixin.exe,0.0,0.13284062956159173,22294528,8,,0,unknown
2026-06-18 16:36:18,28732,WeChatAppEx.exe,0.0,0.6570034443869281,110264320,28,,0,unknown
2026-06-18 16:36:18,28888,ApplicationFrameHost.exe,0.0,0.43088394541795016,72314880,40,,0,unknown
2026-06-18 16:36:18,28996,SystemSettings.exe,0.0,0.8902494294540111,149409792,56,,0,unknown
2026-06-18 16:36:18,29508,WeChatAppEx.exe,0.0,0.6617869761514095,111067136,28,,0,unknown
2026-06-18 16:36:18,29928,conhost.exe,0.0,0.059964987476176915,10063872,5,,0,unknown
2026-06-18 16:36:18,30000,powershell.exe,0.0,0.5581356526628775,93671424,12,,0,unknown
2026-06-18 16:36:18,30004,backgroundTaskHost.exe,0.0,0.3767519380015234,63229952,24,,0,unknown
2026-06-18 16:36:18,30108,msedge.exe,0.0,0.1209794232476227,20303872,8,,0,unknown
2026-06-18 16:36:18,30132,msedge.exe,0.0,0.22453312363892047,37683200,13,,0,unknown
2026-06-18 16:36:18,30276,WeChatAppEx.exe,0.0,0.9574385261255272,160686080,29,,0,unknown
2026-06-18 16:36:18,30284,conhost.exe,0.0,0.060233450993571275,10108928,5,,0,unknown
2026-06-18 16:36:18,30312,powershell.exe,0.0,0.5185982982829805,87035904,15,,0,unknown
2026-06-18 16:36:18,30488,powershell.exe,0.0,0.5510823838876984,92487680,12,,0,unknown
2026-06-18 16:41:14,0,System Idle Process,0.0,4.881154861715662e-05,8192,60,,0,unknown
2026-06-18 16:41:14,4,System,0.0,0.0003416808403200964,57344,489,,0,unknown
2026-06-18 16:41:14,320,Registry,0.0,0.3960080939309917,66461696,4,,0,unknown
2026-06-18 16:41:14,496,agent-tool-host.exe,0.0,0.12354202955002341,20733952,30,,0,unknown
2026-06-18 16:41:14,1032,smss.exe,0.0,0.008908107622631084,1495040,2,,0,unknown
2026-06-18 16:41:14,1100,WUDFHost.exe,0.0,0.060745972254051414,10194944,6,,0,unknown
2026-06-18 16:41:14,1372,svchost.exe,0.0,0.07939198382580526,13324288,6,,0,unknown
2026-06-18 16:41:14,1388,svchost.exe,0.0,0.12583617233502978,21118976,13,,0,unknown
2026-06-18 16:41:14,1604,csrss.exe,0.0,0.047249579061407615,7929856,14,,0,unknown
2026-06-18 16:41:14,1612,svchost.exe,0.0,0.1943675865935177,32620544,12,,0,unknown
2026-06-18 16:41:14,1712,wininit.exe,0.0,0.06294249194182347,10563584,1,,0,unknown
2026-06-18 16:41:14,1720,csrss.exe,0.0,0.05147177801679166,8638464,14,,0,unknown
2026-06-18 16:41:14,1808,winlogon.exe,0.0,0.1090449996107279,18300928,3,,0,unknown
2026-06-18 16:41:14,1828,services.exe,0.0,0.08073430141277706,13549568,14,,0,unknown
2026-06-18 16:41:14,1860,lsass.exe,0.0,0.22816958401089865,38293504,16,,0,unknown
2026-06-18 16:41:14,1980,Trae CN.exe,0.0,3.042692288824767,510652416,37,,0,unknown
2026-06-18 16:41:14,2012,svchost.exe,0.0,0.2838391552087658,47636480,33,,0,unknown
2026-06-18 16:41:14,2020,fontdrvhost.exe,0.0,0.035437184296055704,5947392,5,,0,unknown
2026-06-18 16:41:14,2028,fontdrvhost.exe,0.0,0.10101549986320563,16953344,5,,0,unknown
2026-06-18 16:41:14,2156,WUDFHost.exe,0.0,0.1396498405936851,23437312,23,,0,unknown
2026-06-18 16:41:14,2244,dwm.exe,0.0,0.7191649515508771,120696832,78,,0,unknown
2026-06-18 16:41:14,2292,svchost.exe,0.0,0.17974852778267927,30167040,11,,0,unknown
2026-06-18 16:41:14,2320,svchost.exe,0.0,0.07219228040477466,12115968,11,,0,unknown
2026-06-18 16:41:14,2344,svchost.exe,0.0,0.06260081110150337,10506240,3,,0,unknown
2026-06-18 16:41:14,2364,svchost.exe,0.0,0.11722093400410163,19673088,8,,0,unknown
2026-06-18 16:41:14,2372,svchost.exe,0.0,0.12791066315125893,21467136,6,,0,unknown
2026-06-18 16:41:14,2512,svchost.exe,0.0,0.17423282278894056,29241344,5,,0,unknown
2026-06-18 16:41:14,2568,svchost.exe,0.0,0.08027059170091408,13471744,31,,0,unknown
2026-06-18 16:41:14,2636,svchost.exe,0.0,0.10721456653758452,17993728,14,,0,unknown
2026-06-18 16:41:14,2644,svchost.exe,0.0,0.062137101389640376,10428416,4,,0,unknown
2026-06-18 16:41:14,2716,powershell.exe,0.0,0.4773769454757918,80117760,9,,0,unknown
2026-06-18 16:41:14,2732,svchost.exe,0.0,0.09210739224057456,15458304,5,,0,unknown
2026-06-18 16:41:14,2740,svchost.exe,0.0,0.06870225467864795,11530240,10,,0,unknown
2026-06-18 16:41:14,2748,svchost.exe,0.0,0.09039898803897407,15171584,3,,0,unknown
2026-06-18 16:41:14,2756,svchost.exe,0.0,0.050934850982002934,8548352,3,,0,unknown
2026-06-18 16:41:14,2764,svchost.exe,0.0,0.09918506679006227,16646144,6,,0,unknown
2026-06-18 16:41:14,2800,msedge.exe,0.0,0.23883490738374735,40083456,13,,0,unknown
2026-06-18 16:41:14,2860,svchost.exe,0.0,0.07023981846008838,11788288,8,,0,unknown
2026-06-18 16:41:14,2892,svchost.exe,0.0,0.06438243262602959,10805248,5,,0,unknown
2026-06-18 16:41:14,2996,IntelCpHDCPSvc.exe,0.0,0.0489579832630081,8216576,3,,0,unknown
2026-06-18 16:41:14,3008,svchost.exe,0.0,0.1461905881083841,24535040,8,,0,unknown
2026-06-18 16:41:14,3016,svchost.exe,0.0,0.07509656754749547,12603392,11,,0,unknown
2026-06-18 16:41:14,3084,svchost.exe,0.0,0.13723366893713584,23031808,16,,0,unknown
2026-06-18 16:41:14,3252,svchost.exe,0.0,0.14260293928502307,23932928,9,,0,unknown
2026-06-18 16:41:14,3308,Steam++.exe,0.0,0.659444021817786,110673920,12,,0,unknown
2026-06-18 16:41:14,3340,wlanext.exe,0.0,0.09818443004341054,16478208,7,,0,unknown
2026-06-18 16:41:14,3408,AsusCertService.exe,0.0,0.05422963051366102,9101312,4,,0,unknown
2026-06-18 16:41:14,3416,svchost.exe,0.0,0.09110675549392283,15290368,11,,0,unknown
2026-06-18 16:41:14,3492,Trae CN.exe,0.0,1.2319790813227247,206761984,30,,0,unknown
2026-06-18 16:41:14,3676,svchost.exe,0.0,0.07265599011663763,12193792,3,,0,unknown
2026-06-18 16:41:14,3716,svchost.exe,0.0,0.10387097545730929,17432576,13,,0,unknown
2026-06-18 16:41:14,3800,svchost.exe,0.0,0.06877547200157369,11542528,5,,0,unknown
2026-06-18 16:41:14,3828,HipsDaemon.exe,0.0,0.28110570848620503,47177728,117,,0,unknown
2026-06-18 16:41:14,3900,svchost.exe,0.0,0.06618845992486438,11108352,5,,0,unknown
2026-06-18 16:41:14,3924,svchost.exe,0.0,0.047469231030184814,7966720,4,,0,unknown
2026-06-18 16:41:14,3944,svchost.exe,0.0,0.1251528106543896,21004288,6,,0,unknown
2026-06-18 16:41:14,4044,NVDisplay.Container.exe,0.0,0.27402803393671726,45989888,41,,0,unknown
2026-06-18 16:41:14,4124,MemCompression,0.0,1.8361196185572721,308154368,58,,0,unknown
2026-06-18 16:41:14,4164,svchost.exe,0.0,0.07524300219334694,12627968,3,,0,unknown
2026-06-18 16:41:14,4196,svchost.exe,0.0,0.0683117622897107,11464704,9,,0,unknown
2026-06-18 16:41:14,4204,svchost.exe,0.0,0.0732661344743521,12296192,5,,0,unknown
2026-06-18 16:41:14,4280,svchost.exe,0.0,0.15883277920022765,26656768,11,,0,unknown
2026-06-18 16:41:14,4336,svchost.exe,0.0,0.07299767095695774,12251136,6,,0,unknown
2026-06-18 16:41:14,4432,svchost.exe,0.0,0.08432195023613806,14151680,5,,0,unknown
2026-06-18 16:41:14,4488,svchost.exe,0.0,0.15602611515474113,26185728,13,,0,unknown
2026-06-18 16:41:14,4544,svchost.exe,0.0,0.1361598148675584,22851584,6,,0,unknown
2026-06-18 16:41:14,4564,svchost.exe,0.0,0.17703948683442708,29712384,11,,0,unknown
2026-06-18 16:41:14,4584,AsusOptimization.exe,0.0,0.06897071819604231,11575296,10,,0,unknown
2026-06-18 16:41:14,4720,spoolsv.exe,0.0,0.12661715711290428,21250048,9,,0,unknown
2026-06-18 16:41:14,5028,svchost.exe,0.0,0.1545129571476093,25931776,16,,0,unknown
2026-06-18 16:41:14,5072,svchost.exe,0.0,0.06833616806401926,11468800,7,,0,unknown
2026-06-18 16:41:14,5236,nvcontainer.exe,0.0,0.2825456491704111,47419392,24,,0,unknown
2026-06-18 16:41:14,5364,svchost.exe,0.0,0.1726220416845744,28971008,20,,0,unknown
2026-06-18 16:41:14,5372,svchost.exe,0.0,0.48137949246239864,80789504,16,,0,unknown
2026-06-18 16:41:14,5380,svchost.exe,0.0,0.05991617592755975,10055680,2,,0,unknown
2026-06-18 16:41:14,5404,RtkAudUService64.exe,0.0,0.10638477021109286,17854464,19,,0,unknown
2026-06-18 16:41:14,5412,nvcontainer.exe,0.0,0.26529076673424623,44523520,33,,0,unknown
2026-06-18 16:41:14,5420,svchost.exe,0.0,0.04839665045391079,8122368,3,,0,unknown
2026-06-18 16:41:14,5432,Trae CN.exe,0.0,1.7027664677352001,285773824,26,,0,unknown
2026-06-18 16:41:14,5444,MpDefenderCoreService.exe,0.0,0.19395268843027186,32550912,12,,0,unknown
2026-06-18 16:41:14,5452,svchost.exe,0.0,0.0838338347499665,14069760,5,,0,unknown
2026-06-18 16:41:14,5468,svchost.exe,0.0,0.16944929102445924,28438528,8,,0,unknown
2026-06-18 16:41:14,5480,MsMpEng.exe,0.0,1.654979961639004,277753856,12,,0,unknown
2026-06-18 16:41:14,5488,svchost.exe,0.0,0.1468739497890243,24649728,13,,0,unknown
2026-06-18 16:41:14,5496,svchost.exe,0.0,0.1011619345090571,16977920,7,,0,unknown
2026-06-18 16:41:14,5608,svchost.exe,0.0,0.0811247938017143,13615104,7,,0,unknown
2026-06-18 16:41:14,5652,ArmouryCrate.Service.exe,0.0,0.47532686043387123,79773696,103,,0,unknown
2026-06-18 16:41:14,5660,ArmouryCrateControlInterface.exe,0.0,0.08502971769108685,14270464,3,,0,unknown
2026-06-18 16:41:14,5688,AsusSystemDiagnosis.exe,0.0,0.08559105050018415,14364672,2,,0,unknown
2026-06-18 16:41:14,5712,AsusAppService.exe,0.0,0.1877048102072758,31502336,3,,0,unknown
2026-06-18 16:41:14,5740,AsusPTPService.exe,0.0,0.06745756018891046,11321344,4,,0,unknown
2026-06-18 16:41:14,5760,AsusSoftwareManager.exe,0.0,0.11665960119500433,19578880,10,,0,unknown
2026-06-18 16:41:14,5784,DSAService.exe,0.0,0.7334179237470869,123088896,26,,0,unknown
2026-06-18 16:41:14,5800,DAX3API.exe,0.0,0.14440896658385788,24236032,10,,0,unknown
2026-06-18 16:41:14,5904,ROGLiveService.exe,0.0,0.1764293424767126,29609984,31,,0,unknown
2026-06-18 16:41:14,5916,DSAUpdateService.exe,0.0,0.26746288064770973,44888064,10,,0,unknown
2026-06-18 16:41:14,5924,SurSvc.exe,0.0,0.2848153861811089,47800320,7,,0,unknown
2026-06-18 16:41:14,5932,ipf_uf.exe,0.0,0.05645055597574164,9474048,3,,0,unknown
2026-06-18 16:41:14,5940,IntelGraphicsSoftware.Service.exe,0.0,0.261947175653971,43962368,14,,0,unknown
2026-06-18 16:41:14,5980,AsusSwitch.exe,0.0,0.06699385047704746,11243520,7,,0,unknown
2026-06-18 16:41:14,5992,IntelAudioService.exe,0.0,0.22616831051759523,37957632,7,,0,unknown
2026-06-18 16:41:14,6000,ipfsvc.exe,0.0,0.058744698760748,9859072,9,,0,unknown
2026-06-18 16:41:14,6040,GameViewerService.exe,0.0,0.0782205066589935,13127680,8,,0,unknown
2026-06-18 16:41:14,6056,AsusSystemAnalysis.exe,0.0,0.12102823479623985,20312064,7,,0,unknown
2026-06-18 16:41:14,6096,FeverGamesService.exe,0.0,0.07582874077675282,12726272,3,,0,unknown
2026-06-18 16:41:14,6108,WMIRegistrationService.exe,0.0,0.09479202741451817,15908864,2,,0,unknown
2026-06-18 16:41:14,6220,svchost.exe,0.0,0.11614707993452418,19492864,7,,0,unknown
2026-06-18 16:41:14,6300,esrv_svc.exe,0.0,0.4730083118745562,79384576,75,,0,unknown
2026-06-18 16:41:14,6424,svchost.exe,0.0,0.13606219177032408,22835200,5,,0,unknown
2026-06-18 16:41:14,6440,Steam++.Accelerator.exe,0.0,0.7230210638916326,121344000,44,,0,unknown
2026-06-18 16:41:14,6940,svchost.exe,0.0,0.1002589208596397,16826368,4,,0,unknown
2026-06-18 16:41:14,6984,jhi_service.exe,0.0,0.057914902434256336,9719808,2,,0,unknown
2026-06-18 16:41:14,7044,phpStudyServer.exe,0.0,0.08141766309341725,13664256,3,,0,unknown
2026-06-18 16:41:14,7100,crashpad_handler.exe,0.0,0.04898238903731667,8220672,6,,0,unknown
2026-06-18 16:41:14,7488,WmiPrvSE.exe,0.0,0.13164474662047143,22093824,4,,0,unknown
2026-06-18 16:41:14,7496,NVDisplay.Container.exe,0.0,0.34138797102839347,57294848,30,,0,unknown
2026-06-18 16:41:14,7784,GameViewerServer.exe,0.0,0.40535550549117716,68030464,93,,0,unknown
2026-06-18 16:41:14,8080,msedgewebview2.exe,0.0,0.07931876650287951,13312000,54,,0,unknown
2026-06-18 16:41:14,8108,GameViewerHealthd.exe,0.0,0.1262510704982756,21188608,11,,0,unknown
2026-06-18 16:41:14,8244,crashpad_handler.exe,0.0,0.06057513183389137,10166272,6,,0,unknown
2026-06-18 16:41:14,8252,backgroundTaskHost.exe,0.0,0.1277398227310989,21438464,13,,0,unknown
2026-06-18 16:41:14,8416,mysqld.exe,0.0,0.0760727985198386,12767232,1,,0,unknown
2026-06-18 16:41:14,8488,svchost.exe,0.0,0.0790991145341023,13275136,3,,0,unknown
2026-06-18 16:41:14,8532,conhost.exe,0.0,0.04234401842538337,7106560,2,,0,unknown
2026-06-18 16:41:14,8576,svchost.exe,0.0,0.2715386449572423,45572096,26,,0,unknown
2026-06-18 16:41:14,8612,svchost.exe,0.0,0.07433998854392954,12476416,9,,0,unknown
2026-06-18 16:41:14,8696,mysqld.exe,0.0,0.18448324799854346,30961664,38,,0,unknown
2026-06-18 16:41:14,8888,svchost.exe,0.0,0.058744698760748,9859072,2,,0,unknown
2026-06-18 16:41:14,9264,smartscreen.exe,0.0,0.08812925102827629,14790656,5,,0,unknown
2026-06-18 16:41:14,9304,svchost.exe,0.0,0.09054542268482554,15196160,3,,0,unknown
2026-06-18 16:41:14,9408,msedgewebview2.exe,0.0,0.6542699976643673,109805568,33,,0,unknown
2026-06-18 16:41:14,9448,svchost.exe,0.0,0.16671584430189845,27979776,7,,0,unknown
2026-06-18 16:41:14,9612,svchost.exe,0.0,0.06426040375448669,10784768,2,,0,unknown
2026-06-18 16:41:14,9696,conhost.exe,0.0,0.05325339954131788,8937472,2,,0,unknown
2026-06-18 16:41:14,9908,WUDFHost.exe,0.0,0.0913752190113172,15335424,11,,0,unknown
2026-06-18 16:41:14,9924,crashpad_handler.exe,0.0,0.060550726059582796,10162176,6,,0,unknown
2026-06-18 16:41:14,10048,PresentMonService.exe,0.0,0.09232704420935176,15495168,11,,0,unknown
2026-06-18 16:41:14,10056,WUDFHost.exe,0.0,0.08163731506219445,13701120,7,,0,unknown
2026-06-18 16:41:14,10084,svchost.exe,0.0,0.09955115340469092,16707584,9,,0,unknown
2026-06-18 16:41:14,10092,svchost.exe,0.0,0.04661502892938457,7823360,4,,0,unknown
2026-06-18 16:41:14,10124,conhost.exe,0.0,0.042392829974000526,7114752,2,,0,unknown
2026-06-18 16:41:14,10260,MoUsoCoreWorker.exe,0.0,0.1464102400771613,24571904,9,,0,unknown
2026-06-18 16:41:14,10324,AggregatorHost.exe,0.0,0.07507216177318689,12599296,3,,0,unknown
2026-06-18 16:41:14,10384,Intel_PIE_Service.exe,0.0,0.08100276493017142,13594624,5,,0,unknown
2026-06-18 16:41:14,10532,AsusOptimizationStartupTask.exe,0.0,0.05857385834058795,9830400,7,,0,unknown
2026-06-18 16:41:14,10544,msedgewebview2.exe,0.0,0.2884030350044699,48402432,23,,0,unknown
2026-06-18 16:41:14,10552,svchost.exe,0.0,0.11434105263568939,19189760,9,,0,unknown
2026-06-18 16:41:14,10636,msedgewebview2.exe,0.0,0.4439654404473481,74510336,53,,0,unknown
2026-06-18 16:41:14,10808,RuntimeBroker.exe,0.0,0.16102929888799972,27025408,7,,0,unknown
2026-06-18 16:41:14,10896,msedgewebview2.exe,0.0,0.14135824479528558,23724032,9,,0,unknown
2026-06-18 16:41:14,10944,SecurityHealthService.exe,0.0,0.16312819547853744,27377664,10,,0,unknown
2026-06-18 16:41:14,10984,AsusSoftwareManagerAgent.exe,0.0,0.3355549909686432,56315904,9,,0,unknown
2026-06-18 16:41:14,11132,svchost.exe,0.0,0.29948325654056446,50262016,29,,0,unknown
2026-06-18 16:41:14,11208,svchost.exe,0.0,0.21679649318310112,36384768,15,,0,unknown
2026-06-18 16:41:14,11224,unsecapp.exe,0.0,0.06174660900070313,10362880,3,,0,unknown
2026-06-18 16:41:14,11252,conhost.exe,0.0,0.05994058170186834,10059776,7,,0,unknown
2026-06-18 16:41:14,11356,SearchIndexer.exe,0.0,0.285620776733292,47935488,17,,0,unknown
2026-06-18 16:41:14,11400,svchost.exe,0.0,0.09747666258846177,16359424,3,,0,unknown
2026-06-18 16:41:14,11964,SearchProtocolHost.exe,0.0,0.10482280065534386,17592320,5,,0,unknown
2026-06-18 16:41:14,12352,DAX3API.exe,0.0,0.10040535550549118,16850944,6,,0,unknown
2026-06-18 16:41:14,12372,sihost.exe,0.0,0.3409730728651476,57225216,17,,0,unknown
2026-06-18 16:41:14,12380,ArmouryCrate.UserSessionHelper.exe,0.0,0.5475191408386458,91889664,107,,0,unknown
2026-06-18 16:41:14,12432,conhost.exe,0.0,0.04981218536380833,8359936,2,,0,unknown
2026-06-18 16:41:14,12520,svchost.exe,0.0,0.07451082896408959,12505088,4,,0,unknown
2026-06-18 16:41:14,12560,nvcontainer.exe,0.0,0.2280719609136643,38277120,16,,0,unknown
2026-06-18 16:41:14,12612,svchost.exe,0.0,0.11578099331989551,19431424,5,,0,unknown
2026-06-18 16:41:14,12624,svchost.exe,0.0,0.2351740412374606,39469056,9,,0,unknown
2026-06-18 16:41:14,12732,Weixin.exe,0.0,2.040835253457627,342511616,109,,0,unknown
2026-06-18 16:41:14,12748,RuntimeBroker.exe,0.0,0.07204584575892319,12091392,7,,0,unknown
2026-06-18 16:41:14,12768,svchost.exe,0.0,0.0500806488812027,8404992,2,,0,unknown
2026-06-18 16:41:14,12848,nvcontainer.exe,0.0,0.5339007187744591,89604096,61,,0,unknown
2026-06-18 16:41:14,12936,svchost.exe,0.0,0.0530093417982321,8896512,6,,0,unknown
2026-06-18 16:41:14,13064,svchost.exe,0.0,0.06709147357428177,11259904,6,,0,unknown
2026-06-18 16:41:14,13148,ipf_helper.exe,0.0,0.0602090452192627,10104832,4,,0,unknown
2026-06-18 16:41:14,13296,DSATray.exe,0.0,0.5991129477269804,100548608,12,,0,unknown
2026-06-18 16:41:14,13328,svchost.exe,0.0,0.3041691652078115,51048448,8,,0,unknown
2026-06-18 16:41:14,13376,svchost.exe,0.0,0.17586800966761532,29515776,8,,0,unknown
2026-06-18 16:41:14,13444,msedgewebview2.exe,0.0,0.012056452508437687,2023424,32,,0,unknown
2026-06-18 16:41:14,13600,msedge.exe,0.0,1.7292711386343165,290222080,63,,0,unknown
2026-06-18 16:41:14,13644,taskhostw.exe,0.0,0.1393325655276736,23384064,10,,0,unknown
2026-06-18 16:41:14,13816,MicrosoftEdgeUpdate.exe,0.0,0.03180072392407754,5337088,4,,0,unknown
2026-06-18 16:41:14,13888,audiodg.exe,0.0,0.2063996333276468,34639872,6,,0,unknown
2026-06-18 16:41:14,13956,explorer.exe,0.0,2.289139601273103,384184320,176,,0,unknown
2026-06-18 16:41:14,14084,ArmourySocketServer.exe,0.0,0.028091046229173636,4714496,16,,0,unknown
2026-06-18 16:41:14,14312,AcPowerNotification.exe,0.0,0.1365991188051128,22925312,20,,0,unknown
2026-06-18 16:41:14,14364,conhost.exe,0.0,0.05867148143782226,9846784,3,,0,unknown
2026-06-18 16:41:14,14612,CrossDeviceResume.exe,0.0,0.4410855590789358,74027008,18,,0,unknown
2026-06-18 16:41:14,15104,svchost.exe,0.0,0.06062394338250853,10174464,1,,0,unknown
2026-06-18 16:41:14,15132,WmiPrvSE.exe,0.0,0.1183680053966048,19865600,11,,0,unknown
2026-06-18 16:41:14,15296,RtkAudUService64.exe,0.0,0.13420735292287214,22523904,8,,0,unknown
2026-06-18 16:41:14,15320,svchost.exe,0.0,0.19204903803420273,32231424,7,,0,unknown
2026-06-18 16:41:14,15616,WidgetService.exe,0.0,0.16815578498610456,28221440,5,,0,unknown
2026-06-18 16:41:14,15640,SearchHost.exe,0.0,0.9582683224520189,160825344,26,,0,unknown
2026-06-18 16:41:14,15648,StartMenuExperienceHost.exe,0.0,1.1115853966585079,186556416,32,,0,unknown
2026-06-18 16:41:14,15836,Widgets.exe,0.0,0.4504817821877385,75603968,17,,0,unknown
2026-06-18 16:41:14,15856,UserOOBEBroker.exe,0.0,0.07731749300957609,12976128,1,,0,unknown
2026-06-18 16:41:14,15968,Trae CN.exe,0.0,2.848910440814655,478130176,32,,0,unknown
2026-06-18 16:41:14,16004,msedge.exe,0.0,0.08617678908359003,14462976,9,,0,unknown
2026-06-18 16:41:14,16020,conhost.exe,0.0,0.060550726059582796,10162176,8,,0,unknown
2026-06-18 16:41:14,16032,RuntimeBroker.exe,0.0,0.2960420423630549,49684480,11,,0,unknown
2026-06-18 16:41:14,16040,svchost.exe,0.0,0.15768570780772448,26464256,5,,0,unknown
2026-06-18 16:41:14,16332,powershell.exe,0.0,0.4781091187050492,80240640,16,,0,unknown
2026-06-18 16:41:14,16408,msedgewebview2.exe,0.0,0.27815260979486706,46682112,22,,0,unknown
2026-06-18 16:41:14,16452,msedge.exe,0.0,0.14079691198618827,23629824,10,,0,unknown
2026-06-18 16:41:14,16460,nvsphelper64.exe,0.0,0.11863646891399916,19910656,6,,0,unknown
2026-06-18 16:41:14,16484,NVIDIA Overlay.exe,0.0,1.2627547627258418,211927040,104,,0,unknown
2026-06-18 16:41:14,16780,conhost.exe,0.0,0.059403654667079614,9969664,5,,0,unknown
2026-06-18 16:41:14,16880,svchost.exe,0.0,0.1545129571476093,25931776,4,,0,unknown
2026-06-18 16:41:14,16960,cmd.exe,0.0,0.08290641532624053,13914112,5,,0,unknown
2026-06-18 16:41:14,17124,ArmouryCrate.exe,0.0,0.047078738641247564,7901184,26,,0,unknown
2026-06-18 16:41:14,17384,Trae CN.exe,0.0,1.7186546268100849,288440320,26,,0,unknown
2026-06-18 16:41:14,17480,NVIDIA Overlay.exe,0.0,0.24300829479051425,40783872,19,,0,unknown
2026-06-18 16:41:14,17536,msedge.exe,0.0,0.842218865614729,141348864,59,,0,unknown
2026-06-18 16:41:14,17640,msedge.exe,0.0,0.3381420030453525,56750080,23,,0,unknown
2026-06-18 16:41:14,17684,msedgewebview2.exe,0.0,0.08646965837529297,14512128,8,,0,unknown
2026-06-18 16:41:14,17884,msedgewebview2.exe,0.0,0.8418527790001002,141287424,50,,0,unknown
2026-06-18 16:41:14,18028,NVIDIA Overlay.exe,0.0,0.16918082750706487,28393472,9,,0,unknown
2026-06-18 16:41:14,18044,Trae CN.exe,0.0,3.4699885854193555,582365184,10,,0,unknown
2026-06-18 16:41:14,18128,msedgewebview2.exe,0.0,0.08839771454567065,14835712,8,,0,unknown
2026-06-18 16:41:14,18148,svchost.exe,0.0,0.17967531045975355,30154752,19,,0,unknown
2026-06-18 16:41:14,18328,msedgewebview2.exe,0.0,0.14475064742417795,24293376,10,,0,unknown
2026-06-18 16:41:14,18360,v1.2.0.exe,0.0,0.5749756369357965,96497664,31,,0,unknown
2026-06-18 16:41:14,18424,NVIDIA Overlay.exe,0.0,0.5016606909128273,84193280,63,,0,unknown
2026-06-18 16:41:14,18608,Trae CN.exe,0.0,0.8066596524471303,135380992,28,,0,unknown
2026-06-18 16:41:14,18960,NVIDIA Overlay.exe,0.0,0.573145203862653,96190464,27,,0,unknown
2026-06-18 16:41:14,18988,msedgewebview2.exe,0.0,0.09074066887929416,15228928,8,,0,unknown
2026-06-18 16:41:14,19496,Trae CN.exe,0.0,0.7667806172269134,128688128,15,,0,unknown
2026-06-18 16:41:14,19588,ctfmon.exe,0.0,0.34792871854309243,58392576,21,,0,unknown
2026-06-18 16:41:14,19596,TabTip.exe,0.0,0.4879934573000234,81899520,23,,0,unknown
2026-06-18 16:41:14,19776,HipsTray.exe,0.0,0.21713817402342125,36442112,12,,0,unknown
2026-06-18 16:41:14,19864,crashpad_handler.exe,0.0,0.06426040375448669,10784768,6,,0,unknown
2026-06-18 16:41:14,20028,RuntimeBroker.exe,0.0,0.09369376757063214,15724544,3,,0,unknown
2026-06-18 16:41:14,20328,asus_framework.exe,0.0,0.11292551772579185,18952192,37,,0,unknown
2026-06-18 16:41:14,20456,Trae CN.exe,0.0,0.7004945342048147,117563392,11,,0,unknown
2026-06-18 16:41:14,20544,TextInputHost.exe,0.0,1.6848038178440865,282759168,93,,0,unknown
2026-06-18 16:41:14,20596,wsctrlsvc.exe,0.0,0.07970925889181676,13377536,3,,0,unknown
2026-06-18 16:41:14,20952,asus_framework.exe,0.0,0.04080645464394294,6848512,27,,0,unknown
2026-06-18 16:41:14,20992,asus_framework.exe,0.0,0.05825658327457643,9777152,15,,0,unknown
2026-06-18 16:41:14,21148,Trae CN.exe,0.0,1.500393787168469,251809792,87,,0,unknown
2026-06-18 16:41:14,21224,SecurityHealthSystray.exe,0.0,0.09147284210855151,15351808,1,,0,unknown
2026-06-18 16:41:14,21236,svchost.exe,0.0,0.06989813761976829,11730944,1,,0,unknown
2026-06-18 16:41:14,21280,ChsIME.exe,0.0,0.07316851137711779,12279808,2,,0,unknown
2026-06-18 16:41:14,21356,Trae CN.exe,0.0,1.081200207644328,181456896,36,,0,unknown
2026-06-18 16:41:14,21432,msedgewebview2.exe,0.0,0.4906536866996584,82345984,32,,0,unknown
2026-06-18 16:41:14,21508,msedge.exe,0.0,0.4540938367854081,76210176,28,,0,unknown
2026-06-18 16:41:14,21756,360DesktopLite64.exe,0.0,0.8285272262276165,139051008,45,,0,unknown
2026-06-18 16:41:14,21764,node.exe,0.0,0.5251146400233709,88129536,20,,0,unknown
2026-06-18 16:41:14,21788,msedgewebview2.exe,0.0,0.43976764726627265,73805824,51,,0,unknown
2026-06-18 16:41:14,21856,msedge.exe,0.0,0.908480542862519,152469504,32,,0,unknown
2026-06-18 16:41:14,22040,IntelGraphicsSoftware.exe,0.0,1.007641203878273,169111552,51,,0,unknown
2026-06-18 16:41:14,22112,msedgewebview2.exe,0.0,0.902403505059683,151449600,58,,0,unknown
2026-06-18 16:41:14,22260,GameViewer.exe,0.0,1.0173302962787785,170737664,73,,0,unknown
2026-06-18 16:41:14,22456,Trae CN.exe,0.0,0.3439749831051027,57729024,30,,0,unknown
2026-06-18 16:41:14,22572,msedgewebview2.exe,0.0,0.3458298219525547,58040320,25,,0,unknown
2026-06-18 16:41:14,23288,msedgewebview2.exe,0.0,0.028994059878591036,4866048,54,,0,unknown
2026-06-18 16:41:14,23296,TranslucentTB.exe,0.0,0.5095925675631152,85524480,21,,0,unknown
2026-06-18 16:41:14,23312,msedgewebview2.exe,0.0,0.07153332449844303,12005376,22,,0,unknown
2026-06-18 16:41:14,23620,Trae CN.exe,0.0,0.19531941179155224,32780288,23,,0,unknown
2026-06-18 16:41:14,23624,Trae CN.exe,0.0,1.41831716816872,238034944,64,,0,unknown
2026-06-18 16:41:14,23668,Trae CN.exe,0.0,0.3779722267169523,63434752,22,,0,unknown
2026-06-18 16:41:14,23816,svchost.exe,0.0,0.11448748728154086,19214336,6,,0,unknown
2026-06-18 16:41:14,24080,Trae CN.exe,0.0,1.1860230082996717,199049216,26,,0,unknown
2026-06-18 16:41:14,24100,Trae CN.exe,0.0,1.3798048563097833,231571456,58,,0,unknown
2026-06-18 16:41:14,24140,Trae CN.exe,0.0,0.5301666353052467,88977408,53,,0,unknown
2026-06-18 16:41:14,24708,WeChatAppEx.exe,0.0,1.1126836565023939,186740736,45,,0,unknown
2026-06-18 16:41:14,24736,Trae CN.exe,0.0,0.7069132528479708,118640640,12,,0,unknown
2026-06-18 16:41:14,25160,RtkAudUService64.exe,0.0,0.059720929733091135,10022912,13,,0,unknown
2026-06-18 16:41:14,25196,msedgewebview2.exe,0.0,0.008859296074013926,1486848,9,,0,unknown
2026-06-18 16:41:14,25684,SearchFilterHost.exe,0.0,0.07929436072857093,13307904,2,,0,unknown
2026-06-18 16:41:14,25756,ShellExperienceHost.exe,0.0,0.5320214741526986,89288704,31,,0,unknown
2026-06-18 16:41:14,25792,SearchFilterHost.exe,0.0,0.08239389406576039,13828096,2,,0,unknown
2026-06-18 16:41:14,25896,crashpad_handler.exe,0.0,0.05950127776431392,9986048,6,,0,unknown
2026-06-18 16:41:14,26012,esrv.exe,0.0,0.3278427662871325,55021568,59,,0,unknown
2026-06-18 16:41:14,26160,powershell.exe,0.0,0.5330709224479675,89464832,26,,0,unknown
2026-06-18 16:41:14,26228,WeChatAppEx.exe,0.0,0.23602824333826083,39612416,23,,0,unknown
2026-06-18 16:41:14,26380,svchost.exe,0.0,0.11595183374005556,19460096,12,,0,unknown
2026-06-18 16:41:14,26924,svchost.exe,0.0,0.06362585362246366,10678272,5,,0,unknown
2026-06-18 16:41:14,26992,ChsIME.exe,0.0,0.07372984418621507,12374016,2,,0,unknown
2026-06-18 16:41:14,27060,svchost.exe,0.0,0.10853247835024775,18214912,10,,0,unknown
2026-06-18 16:41:14,27236,Steam++.exe,0.0,3.0063520908792936,504553472,88,,0,unknown
2026-06-18 16:41:14,27672,WeChatAppEx.exe,0.0,0.8437076178475522,141598720,53,,0,unknown
2026-06-18 16:41:14,27856,Weixin.exe,0.0,0.10045416705410833,16859136,12,,0,unknown
2026-06-18 16:41:14,28236,Weixin.exe,0.0,0.5378056426638317,90259456,11,,0,unknown
2026-06-18 16:41:14,28300,WeChatAppEx.exe,0.0,0.39693551335471766,66617344,10,,0,unknown
2026-06-18 16:41:14,28320,WeChatAppEx.exe,0.0,0.1658616422010982,27836416,15,,0,unknown
2026-06-18 16:41:14,28400,WeChatAppEx.exe,0.0,0.7711248450538404,129417216,27,,0,unknown
2026-06-18 16:41:14,28456,WeChatAppEx.exe,0.0,0.9143135229222693,153448448,50,,0,unknown
2026-06-18 16:41:14,28508,WeChatAppEx.exe,0.0,0.24681559558265248,41422848,10,,0,unknown
2026-06-18 16:41:14,28604,Weixin.exe,0.0,0.17318337449367172,29065216,14,,0,unknown
2026-06-18 16:41:14,28656,trae-sandbox.exe,0.0,0.09066745155636843,15216640,28,,0,unknown
2026-06-18 16:41:14,28664,Weixin.exe,0.0,0.13398770095409493,22487040,8,,0,unknown
2026-06-18 16:41:14,28732,WeChatAppEx.exe,0.0,0.6538550995011215,109735936,28,,0,unknown
2026-06-18 16:41:14,28888,ApplicationFrameHost.exe,0.0,0.4328852189112535,72650752,39,,0,unknown
2026-06-18 16:41:14,28924,conhost.exe,0.0,0.059818552830325444,10039296,7,,0,unknown
2026-06-18 16:41:14,28996,SystemSettings.exe,0.0,0.31786080459492394,53346304,56,,0,unknown
2026-06-18 16:41:14,29508,WeChatAppEx.exe,0.0,0.6551486055394762,109953024,28,,0,unknown
2026-06-18 16:41:14,30068,RuntimeBroker.exe,0.0,0.09469440431728385,15892480,4,,0,unknown
2026-06-18 16:41:14,30108,msedge.exe,0.0,0.12202887154289158,20480000,8,,0,unknown
2026-06-18 16:41:14,30124,conhost.exe,0.0,0.05867148143782226,9846784,2,,0,unknown
2026-06-18 16:41:14,30276,WeChatAppEx.exe,0.0,0.9447475234850665,158556160,29,,0,unknown
2026-06-18 16:41:14,30284,conhost.exe,0.0,0.06096562422282863,10231808,5,,0,unknown
2026-06-18 16:41:14,30312,powershell.exe,0.0,0.5203067024845811,87322624,12,,0,unknown
2026-06-18 16:41:14,30488,powershell.exe,0.0,0.5524491072489787,92717056,10,,0,unknown
2026-06-18 16:41:14,30828,Trae CN.exe,0.0,0.9226602977358032,154849280,28,,0,unknown
2026-06-18 16:41:14,31520,ShellHost.exe,0.0,0.4110664566793845,68988928,19,,0,unknown
2026-06-18 16:41:14,31564,powershell.exe,0.0,0.5355114998788254,89874432,15,,0,unknown
2026-06-18 16:41:14,31660,svchost.exe,0.0,0.1496806138345108,25120768,8,,0,unknown
